Id,Price
4567,166040.03
5925,122170.16
960,138676.45
3848,132431.53
746,202416.36
868,263227.34
672,111004.31
2471,206273.7
4510,111922.34
8354,265502.75
6393,190168.14
13270,245640.81
5250,224628.97
16751,179068.81
11404,130774.58
10588,309126.03
14925,177641.05
6791,198714.28
16097,206499.2
16428,350517.72
6945,335020.25
3190,176787.17
15709,436790.38
13155,144731.48
7675,180896.77
14686,238446.92
609,153558.95
11155,159372.64
10869,182951.8
15742,187703.47
9245,173612.64
3340,186295.1
2359,281485.03
8070,202694.1
13707,130643.16
16079,277280.56
15937,265386.16
14090,185357.11
9008,217777.75
16384,165517.66
11657,233031.78
13151,158637.52
8990,140920.17
11857,197220.0
1565,159473.08
8174,109963.6
9247,203993.25
10478,216242.6
15509,152442.33
8306,246011.47
6642,185252.89
7472,204301.39
15989,141160.53
13682,136994.1
163,304457.56
7076,188678.47
7478,336219.25
3029,199690.58
1814,146193.47
10057,139542.4
15100,200313.97
12694,240984.3
6291,193229.47
12603,209471.56
3218,239475.88
13456,135064.64
10170,219472.34
4530,122686.63
13329,166410.48
4820,143098.9
10896,161098.02
13416,114504.96
2701,202819.25
11265,336341.94
9189,208553.94
1858,221691.36
14536,254491.4
6199,317791.47
14730,138776.92
7510,279112.78
15505,148641.4
7446,206158.47
14016,192834.06
14113,107515.164
8721,300327.28
6193,308897.25
5717,179422.89
5427,307400.1
9520,489862.1
6869,108075.75
1658,144021.14
6639,199854.36
6283,179129.55
6257,124359.805
15235,177413.6
902,203689.8
8932,181546.23
16469,328277.78
2825,283644.97
6450,427068.06
11366,185336.1
3801,375732.5
11385,215035.34
1079,177080.33
3202,188366.1
676,214177.44
6185,269427.0
7730,174843.94
2573,189355.17
10978,209910.23
10962,259890.12
8870,180054.06
8496,184923.56
5517,173660.42
927,182428.27
13675,230844.42
1499,232382.03
15536,332992.3
8602,357710.47
12137,421102.34
9865,279973.5
16353,311711.5
15908,223077.78
3944,172416.39
10359,205811.03
15158,231313.31
3259,250976.75
7220,312221.25
13843,207177.19
16736,181308.44
702,282954.75
16401,126954.086
12134,177231.31
6918,227204.08
11792,138488.97
3798,115312.32
10395,130295.03
11099,124003.805
7090,213921.45
11260,163304.05
9647,215925.66
2903,439638.28
2071,181404.28
8604,199716.66
9346,194412.64
3945,197604.06
3420,110419.12
10842,127100.17
725,161043.08
13931,202411.45
16330,225039.02
9066,400494.56
3326,300314.12
1556,294682.22
6579,108891.375
13877,138964.55
9857,327095.44
7302,273225.12
5684,209295.14
6513,210265.72
11342,109084.53
16561,247374.45
6885,170675.39
9308,181961.78
2559,185409.08
6648,178384.81
15260,178583.67
5113,193609.19
16492,191703.97
12034,273650.22
7248,204580.78
2171,193821.48
10594,144574.03
13241,222063.2
7032,136565.86
4884,170560.67
903,181249.61
162,164062.92
6566,220875.67
8249,113525.17
13106,138906.95
256,125976.1
7976,160503.3
8575,168115.36
7591,286676.56
3204,206618.66
15804,194868.75
1525,303436.7
9038,197475.06
13628,205780.2
10016,215572.16
10208,226727.47
2008,182182.72
13029,186944.19
5099,126961.52
9923,271908.6
9461,126475.87
11086,156347.25
15057,338655.97
10689,170244.06
2053,219248.52
16630,182054.25
4985,162673.86
13881,247172.14
13225,193502.28
5779,68006.86
10262,193436.2
10762,171280.72
9513,197630.3
11128,155611.05
2074,308408.8
933,183336.67
2780,198098.48
6594,103974.375
15394,258648.05
14863,140623.78
6698,209015.25
1611,252693.92
174,183704.42
5160,199965.25
3295,286710.1
4559,351625.1
8254,175105.92
10228,83882.45
13924,133875.72
15341,268889.84
4353,177400.81
4334,70234.234
1872,144977.0
7823,183313.86
310,154751.14
3704,238796.19
11615,270484.12
6605,189411.92
3381,192493.44
2143,134402.12
3191,240735.72
13980,128025.516
15613,169211.14
10943,350062.9
9654,130731.2
16053,477496.4
14931,226824.1
8299,173117.16
2147,161164.42
11567,358866.12
5905,134353.77
11160,120034.695
8275,135358.33
16398,306429.53
11229,172401.17
10309,151968.69
7340,276130.44
7653,173474.47
272,185434.23
9831,210468.98
5016,149768.25
5968,75352.38
796,240754.58
12123,127344.91
16629,196071.53
2637,180566.16
6194,193805.64
6216,349486.06
14346,171101.56
6428,134125.02
2891,241081.53
84,176393.7
9260,183260.81
15250,121924.31
2348,202309.9
10427,285343.6
13230,238919.83
1691,196781.78
8803,129381.37
5464,212537.47
10559,117462.0
16787,291630.8
4278,150100.16
6183,149361.55
12775,155775.27
10104,176350.39
13663,157352.39
9404,222991.45
14724,212919.78
10040,190792.44
4646,196206.61
4754,151743.81
3310,230234.27
2003,194004.75
7312,212105.42
10921,235529.42
13419,318029.7
10105,156476.28
2196,449007.0
12659,225399.14
4380,259201.89
10847,157374.2
10805,294394.75
8709,97993.92
8319,181375.36
2215,172313.61
7000,191788.36
7701,104679.69
9678,185192.06
14026,188926.77
7971,174235.27
13734,140228.75
16483,219063.44
6150,209599.47
2931,285624.06
5418,187468.8
1662,553980.9
2441,211854.16
669,115116.74
7734,193497.88
6010,314288.3
266,146485.7
632,150137.33
16221,105356.64
11832,188114.4
5035,112943.664
37,126878.33
6168,180841.52
11757,167064.39
8086,119204.945
6529,232952.31
15121,168399.27
13904,151519.1
3711,179764.62
16563,114735.26
14494,171472.02
3006,215013.44
15299,96306.74
92,314302.34
8066,170780.92
16071,212861.67
10662,127889.17
3883,212577.12
5511,122656.6
2821,257175.42
9570,186703.14
4326,238741.72
9251,245940.45
9031,210820.33
12689,100465.35
16380,227728.66
1053,275927.3
4568,188902.75
16140,111373.88
14356,398185.0
8466,183623.28
15652,143813.67
3285,117186.26
3198,170513.23
14088,481390.78
2268,123773.17
15472,206038.66
1203,159280.14
7157,312896.7
6886,220717.03
5083,283530.38
7467,124144.086
14068,206880.4
2080,163374.28
10865,148754.73
13516,197724.48
14150,211397.7
7609,122890.21
2144,353588.62
10357,186777.97
2396,227928.56
1526,357276.3
10890,262699.56
8638,463301.66
6050,253255.28
7639,98463.56
10544,190691.73
9577,230017.34
13195,225205.0
3484,206458.83
16668,417464.25
7171,186309.9
8547,226152.42
12735,231786.97
9093,191155.14
15323,273222.34
14897,147503.02
5135,140902.98
5327,191008.47
13133,244676.86
1676,279879.94
16296,296845.44
1095,151731.84
12528,159732.75
7348,286884.72
11663,163506.23
1803,208050.86
1510,252438.98
16045,215340.14
2900,145250.72
3236,158979.86
1318,235691.58
14948,216230.06
7840,246646.73
15325,179783.62
8700,172503.73
15706,186961.39
14449,159291.72
16117,190008.03
4529,190623.25
11199,178601.34
4052,403234.34
821,235613.48
68,206413.67
554,115281.13
452,175320.2
11394,320784.4
11393,168869.28
9535,183711.8
4024,205869.31
10069,221703.03
12007,167949.78
12368,387036.03
1259,360241.38
1124,372272.2
3707,192220.72
8767,171217.62
1919,166111.5
16741,160231.23
6664,311226.47
5688,397896.12
7799,153022.17
14843,337570.1
7532,150765.36
8133,161669.25
6264,309962.66
4125,149583.69
2410,159646.89
13607,202763.53
1716,282450.22
1370,143593.77
2273,432501.94
15298,308589.84
4284,293972.1
12303,145641.61
7808,123425.914
2203,140140.9
7237,118021.17
15864,142521.58
2844,128158.766
5729,166325.73
11812,381474.03
1779,151522.19
6442,132735.92
6160,204576.8
8266,209220.7
9903,146758.89
2867,131343.48
6998,190345.53
13932,155175.55
12587,167596.3
3611,225240.27
2646,313952.56
1890,143797.44
860,232437.0
14187,176495.52
12569,293083.78
1276,85995.84
12025,200502.06
4890,272973.16
14410,276421.34
10352,229026.67
11407,188660.02
10384,170883.05
7622,293377.16
12578,161702.08
15820,155047.16
563,195543.94
15226,171960.42
6396,214552.86
6247,150787.12
3339,154767.12
10975,337148.25
7475,100298.41
11129,186172.81
3051,222079.69
10232,257717.22
14106,176778.7
5502,222969.77
4558,76542.38
4181,134710.75
8426,132351.92
6611,163601.64
14641,138433.05
15539,279865.44
13119,123056.81
11716,188866.36
7316,260553.62
7791,100999.69
13034,361811.38
1068,268155.5
4060,165819.55
10172,239558.64
2591,207814.4
12494,302549.84
7828,300383.84
15284,174341.77
7947,187247.31
16335,247726.06
10234,340608.4
2797,257252.36
5341,190337.34
3059,144297.19
1559,70796.9
15320,275900.44
10284,362788.38
4134,212672.11
4481,221603.52
7222,164212.08
4062,248098.97
2192,232319.89
9637,183758.08
16236,159838.75
4272,162824.17
9406,337384.53
14309,233840.38
1946,267038.97
16235,248989.61
7146,142608.52
16784,204299.62
349,298396.75
6251,170487.9
5128,324256.56
11718,185172.83
16721,86338.04
12517,179279.88
15961,186511.1
9428,152544.03
14541,157589.56
10168,118400.414
11270,168841.67
13210,224378.48
11518,164725.08
12612,189817.53
16352,143750.98
9935,155118.44
15521,322495.16
11482,202173.48
11443,186464.92
9459,230191.8
9218,182057.0
854,135912.28
5619,144188.78
9208,180338.62
4391,147205.8
15207,167477.0
7183,177513.62
16442,219951.77
7936,88254.97
10606,374725.3
4979,156480.1
4854,285712.5
16476,118533.734
10516,163222.22
16261,301239.12
90,504931.03
5433,187827.16
14338,137791.5
13487,213818.23
8211,521782.88
170,191340.36
14051,96201.92
10686,210089.02
7595,361263.38
6777,328953.8
14661,149251.69
13991,307269.88
16795,170164.42
2740,136462.92
7368,378192.3
2413,212697.69
1852,499075.7
15200,417047.56
8467,318784.0
16379,311142.7
3375,178570.72
5945,459787.03
2641,152901.11
2837,292899.44
3498,199501.72
10876,155862.38
1285,213176.86
9285,235005.77
4015,327864.44
2526,205836.9
7814,141654.47
7117,350938.62
12359,112152.87
3303,309298.72
13874,164230.28
5484,191390.78
15067,159192.84
12639,224071.66
3388,209728.9
4256,197765.94
15738,228511.22
14049,174758.12
15780,188024.81
9564,182899.14
11910,222929.73
11315,245536.61
1733,155362.33
3910,402636.2
7552,473139.03
254,153493.88
5222,183612.95
8314,246945.66
16743,259792.73
10335,124317.76
8226,297396.44
12254,229788.56
13152,213908.8
15020,206613.72
16349,201752.61
11924,155759.22
12543,185623.83
14114,244310.22
12318,252495.48
15383,168387.31
6679,190962.12
635,163399.98
15993,280339.62
11375,191378.06
11216,179022.34
15401,207919.6
11301,143056.16
13804,292709.22
10839,199518.03
1588,340870.06
3596,195824.67
5816,159006.14
8099,145410.9
6551,188195.98
14075,549679.5
13431,214431.84
9481,284093.34
5295,148497.25
15859,368316.7
10634,306807.94
444,238314.6
11686,279731.38
1213,230836.27
13970,122927.39
6849,484355.7
9911,301042.28
5649,142281.08
7184,286543.6
5877,240026.19
1655,410365.53
15301,194712.9
12389,228865.62
5241,302829.53
7048,162643.64
10574,149628.39
8593,120988.81
4752,172316.36
14663,168891.58
10994,193131.53
87,73531.72
5132,121027.266
6372,342351.5
7411,307871.88
3319,234853.17
9355,127666.695
5139,271713.94
56,334320.0
3249,162423.62
5047,100229.89
13238,326796.44
2190,261878.44
15599,180190.42
6542,176471.58
1968,176140.78
5630,180049.89
9157,233803.53
789,163019.06
1413,259176.03
12514,248934.06
13459,148033.81
1345,236972.66
4034,199470.36
15169,136428.23
6770,246989.78
3334,169734.02
12998,141605.9
15870,249980.61
1871,185648.75
5770,157148.38
13196,121047.76
7633,196052.36
10699,217994.48
15470,192477.53
1903,513940.47
13860,211252.22
7649,173032.88
11043,216993.94
2922,227954.22
7538,394293.53
9477,111700.85
117,454834.78
1457,230298.33
7082,154271.45
3053,299287.75
12522,106766.61
5744,365717.06
13566,387147.38
1464,157538.69
3852,118615.555
9557,237170.8
14719,389279.62
13978,145628.03
3286,168988.38
13019,319957.62
1421,147353.0
13502,171346.05
14811,129622.21
9297,259843.1
7749,553470.6
16555,140890.08
14576,200734.84
12766,157155.45
4679,155010.1
10033,204686.98
11231,288787.25
15112,178601.88
10617,191611.9
2175,169590.36
16502,429883.84
10106,196252.47
12561,149552.66
15907,293462.7
8069,113429.875
8316,132664.11
12343,220517.94
12092,134608.52
1527,163565.45
10010,256254.97
655,97498.49
10549,150418.47
3248,109311.39
13499,313561.94
14959,227619.25
6070,152109.73
11360,262113.19
12102,211641.3
11870,285253.5
3713,119274.086
3230,152058.62
7742,209147.08
15092,364718.2
8728,309174.03
3386,130031.63
9409,132454.39
16545,243188.44
3127,171916.31
11344,173611.12
2112,235244.08
7310,213707.86
6313,204502.83
3681,368222.12
5114,299209.62
270,141630.88
14350,191568.06
12223,344450.9
1066,204797.75
16116,387235.2
11410,465680.78
4088,164092.06
5956,146605.66
14669,153920.52
13871,135966.81
4126,271027.2
12114,231971.27
16607,156394.78
4266,244972.25
13518,185153.7
11856,289856.16
3885,259816.34
8891,151654.19
4964,165809.36
7696,160307.77
6894,135805.62
9766,175027.28
4800,150441.42
2840,176232.28
4743,188602.9
13562,504667.5
8301,186841.17
5405,183547.88
1535,167947.83
9073,127389.27
1698,338569.38
12262,234216.69
6794,184488.02
12701,182335.45
8432,175518.25
13540,129032.25
8629,131806.7
1440,192362.38
8596,200378.58
9575,294071.28
14976,110212.43
3149,211020.05
5157,170536.25
10748,177053.72
9719,408196.38
6376,176733.89
9733,177530.6
4749,173128.44
4994,491825.53
538,221378.53
5512,116815.25
9778,119260.73
9761,140601.0
3174,432801.22
13429,187489.02
10467,77565.86
14129,198656.25
13608,150613.39
11106,141018.92
12048,164311.02
1054,353153.44
3582,226106.0
1566,157260.5
11529,143321.92
11859,152249.83
10582,148614.14
14907,524794.94
14039,171968.11
10489,174157.56
3331,351915.7
10153,260151.34
5271,161037.12
11871,417823.84
776,126354.11
3994,107371.766
9433,67885.914
14275,135926.98
8030,223474.56
8169,294918.2
8053,187284.9
4822,215709.92
13197,223583.27
13634,310377.88
8951,185770.47
12176,240866.17
15471,148402.58
14962,127466.14
12512,115495.49
8697,416118.62
7095,181335.75
13639,183387.83
16660,157435.11
5848,152667.92
5386,199112.88
10880,271050.47
3954,191143.83
13426,242988.86
5966,229587.66
16315,285597.62
7455,166573.56
11071,214422.72
14740,216812.06
16087,193320.8
8931,235916.81
15289,175634.88
16089,247935.83
12128,178967.34
4724,204999.98
8585,208907.62
7188,244689.83
5423,138616.94
10488,198915.7
5980,225074.33
8376,244771.47
12397,138806.5
16496,201815.94
4891,246350.14
9710,134669.47
6339,172402.75
244,151550.97
5002,244865.11
5358,197704.89
7636,158627.55
9361,325278.5
3601,89028.63
15755,164312.86
172,181281.97
3037,316619.62
577,295632.44
3607,201160.05
2515,111447.6
10413,147810.95
10511,206254.36
4637,535726.3
12736,312982.7
9534,248106.64
11641,190171.34
10419,252378.3
15313,223508.9
14915,199122.8
12409,388655.06
9405,123150.11
14066,209200.19
14108,174337.81
11931,226589.17
11464,327549.47
926,157130.94
11190,221680.73
10260,187838.39
12712,191764.12
1234,193606.39
11608,102261.14
3776,250535.84
4881,189598.73
10266,197376.19
3262,212065.34
3576,324062.1
16604,427478.94
8041,248761.47
10691,242079.27
8357,189734.27
11661,145618.72
4453,246427.38
15936,210390.98
8463,200064.84
15770,258453.42
466,175260.66
14965,97708.47
11227,206566.19
9894,255576.17
11746,187671.17
4118,146492.17
756,346508.4
15589,186218.6
109,365474.7
5778,189103.94
1731,92981.34
3450,151580.61
2961,187088.08
222,180834.69
11454,387717.47
7339,185280.62
12096,102238.03
14074,217138.98
4058,394655.16
6603,275162.66
3289,124392.46
16681,277908.56
8200,326722.12
3343,295503.75
7802,180734.17
2082,431491.53
217,260245.44
1720,170702.11
7224,241314.58
6176,135999.08
12571,238144.2
16666,301338.84
8908,173047.84
6914,170763.72
5428,199351.73
381,185381.03
3991,177395.06
16365,288606.3
1046,168084.94
391,146785.11
9212,308886.3
3022,185393.2
9961,104776.17
6764,299109.88
7720,170831.8
4809,219264.89
8877,322214.1
7817,172830.23
10614,110127.65
5553,308799.2
16488,122782.18
11002,157885.5
13592,371828.0
15050,222850.69
13553,296858.28
9041,199520.62
5461,518514.7
16274,443672.8
2138,169360.72
6245,160691.73
8245,163275.53
6491,203693.5
13218,182229.3
13101,99608.99
10462,138293.48
4079,178428.64
1506,440416.62
14107,127394.33
12215,274107.88
11576,349097.03
10567,243666.06
12713,207849.16
1468,477401.28
2549,256850.78
4172,246468.4
12380,235470.34
3513,114274.56
8165,290453.7
1127,234048.7
14601,430017.44
15526,317628.53
986,380063.7
14968,212275.92
9348,172148.95
6317,254258.75
7497,93848.76
5079,322786.4
528,181318.86
10964,156520.42
5812,315666.88
11022,179594.73
16251,123685.3
5863,109151.54
8664,218858.72
5396,208942.16
6917,233852.9
12776,122363.3
473,249836.94
13333,216272.55
13023,180319.77
7357,188927.39
10955,446854.38
11914,373056.62
12535,180854.7
11205,224800.36
13209,182403.58
16119,333066.03
2174,265637.47
4834,181240.72
10151,185212.31
5584,188331.25
6672,207887.78
12858,278437.44
5106,149474.53
8884,175737.92
13766,155440.14
12556,131987.19
12910,226511.62
6258,127307.5
7100,239629.2
1793,173521.52
3335,182688.56
12835,192611.53
10591,146109.9
15707,244177.78
16389,156962.77
7440,330457.2
6293,173307.33
3937,203206.89
16527,167844.34
5102,244576.27
10734,330461.16
7986,150735.02
6495,108453.77
9571,239188.23
5131,159277.03
10761,399126.66
143,434208.97
13829,182830.11
13662,215857.88
1771,131907.16
5448,199016.36
8594,165117.81
12038,314202.06
16471,191313.22
16764,129884.32
1282,169154.92
15101,263755.75
9473,137300.45
2324,380198.2
14448,230874.05
6000,63394.797
2077,155270.8
12960,225991.94
15837,208754.0
8805,250590.58
9987,242377.61
1580,312468.75
11089,129694.445
10926,231953.0
12773,399785.84
6490,284225.62
10858,125296.34
2831,139619.0
16326,130251.695
371,197638.17
8852,192616.47
6713,289673.78
4230,165368.75
3639,213568.55
3642,186534.69
5149,194544.67
2861,194927.9
13300,90768.91
2807,340213.7
5919,109751.89
12716,588018.9
4271,231595.34
16055,248983.89
3747,214711.14
5857,240998.3
6884,359909.9
16027,299955.16
3512,289318.2
5181,180382.12
16732,276186.44
1908,178879.2
12082,171426.44
7286,152148.66
8216,140186.83
6929,339690.25
3950,387359.2
12479,172423.95
877,128124.05
1366,174800.98
384,135515.19
5767,233820.94
6910,138637.0
187,206303.75
10164,297391.9
8603,238287.5
15834,149715.6
3078,129534.695
3479,233199.58
6671,240928.05
6078,154392.48
16271,116264.26
16191,159088.94
11544,176624.39
7781,170743.28
14918,344143.53
6238,171084.69
12989,203941.88
11907,246921.06
9696,156869.58
14084,325055.25
3895,133557.33
4367,157730.33
8453,76230.586
7638,341346.62
8373,251112.95
4674,203330.05
15787,138590.17
5903,271186.3
13679,185516.61
9018,434340.53
15823,237802.22
13289,150528.12
9896,212803.53
14436,183715.1
5547,160544.4
4048,397183.75
16579,194918.67
8550,186395.81
9385,259674.75
5242,173058.88
31,192061.86
6144,289654.7
3990,187494.6
2523,86522.59
12608,276142.4
7234,176227.6
15264,203047.0
9623,203363.89
3161,354927.16
7425,103453.22
13021,265253.97
4044,145160.39
15411,232202.92
979,296027.78
5514,238004.64
4817,167999.39
2115,187760.88
10571,264980.8
8992,200474.08
15546,184637.14
11359,129680.78
11972,182558.06
12838,160684.47
5948,135256.75
422,301325.47
4855,163674.33
16197,112792.56
8926,474956.8
5703,202185.27
8848,201188.75
7039,361407.47
3806,162990.5
15154,223791.52
13132,181888.02
7438,194702.97
4398,236231.94
2440,193521.94
3751,128532.516
1476,183568.02
2264,295649.12
16444,148288.58
10704,158641.38
4033,143664.64
4508,119323.92
16290,234338.52
10387,214709.05
5457,148472.92
4910,259546.08
7451,188094.55
10732,189518.36
8015,137283.36
6148,173488.58
5892,234724.73
7825,219874.72
6851,209418.02
6633,209832.52
2139,268224.06
10213,294613.84
2830,215447.72
13907,143674.06
15897,345067.7
8311,169986.86
14230,179270.44
3878,119947.61
13732,135281.97
12110,168402.44
10675,361925.66
12946,129595.66
16754,226910.97
4394,245452.92
16728,164077.23
14378,320793.78
9949,173986.38
994,175485.73
13258,153881.33
5883,356127.7
6933,319519.8
13193,155694.42
13286,159958.72
13407,386890.6
7512,127497.93
7221,197048.72
14428,123774.25
1740,197527.81
3,143035.3
12952,213377.55
11537,129933.84
2558,140577.1
14081,234164.94
3517,255126.81
7149,219969.16
15777,128573.164
8995,264355.03
826,370555.97
509,299543.8
14875,317317.5
6591,136901.4
11283,103933.44
9897,246380.2
14902,182719.39
14291,195008.89
3162,271487.62
4206,176304.28
11580,216453.97
2007,238691.5
14939,404963.5
13572,200333.02
10720,159174.05
4253,359089.2
10857,122060.73
6254,191842.64
14681,221865.17
8080,136556.38
8006,191991.67
13135,131922.72
4527,266646.4
12688,204811.77
15920,123997.85
16786,110594.1
16637,192062.36
949,162901.3
10696,291625.62
605,231666.38
10819,205352.8
9490,172514.36
1813,191376.72
15958,317432.75
10873,335740.1
14381,209101.36
5745,124889.87
286,288530.78
14799,317162.16
437,169627.48
12172,74996.68
8534,95590.45
14463,496694.4
13672,178831.12
6720,201583.56
16057,215262.89
2659,510103.03
11649,138759.98
4478,128229.05
555,335120.9
4819,308193.78
15188,387558.1
16115,195397.77
11427,111696.33
15483,142891.11
829,138539.75
13576,274070.34
13810,219421.23
1052,145236.27
10673,143510.34
8525,341661.8
13154,240280.84
13856,167977.23
5125,248325.92
5551,262673.0
14262,194405.58
8872,147211.55
10341,198987.34
7231,141741.7
10950,188824.16
4031,140632.6
13852,135504.61
5886,263503.94
859,416058.6
9436,195417.33
13638,307169.75
15337,196312.7
5506,254711.55
13550,115761.03
12630,148762.48
6466,130789.46
3282,144074.27
4474,140814.67
138,235775.45
15490,178035.28
11584,258476.3
13309,148563.73
8860,308438.12
14037,191971.14
1329,207509.05
2198,579588.6
1210,337423.97
10076,202988.88
6692,355725.06
6074,125026.32
13921,188427.16
1646,254788.03
11676,190660.44
683,126016.79
4839,129470.78
12392,142733.06
5206,204078.98
9104,330738.8
15554,168293.72
1590,194650.2
7894,275855.28
9286,150716.81
15364,392011.53
8260,261293.05
5746,127088.87
3357,387332.75
4755,177918.39
5896,126633.19
16520,210316.47
8880,247501.42
9321,200004.17
16463,166089.4
4861,167467.36
5687,201494.84
2785,238275.22
5571,256083.22
11070,515360.94
11577,224247.88
3993,152248.84
10908,235715.86
3696,196416.9
1755,146667.44
4053,198821.92
11954,280806.16
15294,177296.83
12452,180498.17
2202,151204.23
13564,232054.8
5134,283844.62
7447,126751.28
5929,132866.33
16714,197197.45
13005,309507.16
11740,232541.2
3535,168914.25
11837,236436.1
7382,193031.22
16709,226873.88
5908,255941.47
16333,231129.22
14776,239202.78
831,185745.11
5944,192074.6
1764,282431.0
5782,140309.06
7091,289037.28
7871,190190.39
10449,180794.83
15137,108117.164
2181,322149.03
8667,276312.97
4207,252580.44
3528,187824.72
5611,135486.28
5894,202401.16
14255,159192.31
16064,109801.56
5076,222175.7
3537,68863.31
6369,133881.47
1938,236231.19
11844,283887.2
7717,94257.75
3800,450621.28
6897,176685.2
255,263496.53
607,209719.95
6368,273320.0
15211,274448.75
13229,161267.56
6091,243348.2
14260,164825.73
15104,140044.58
7378,100110.52
12575,170421.1
137,169826.72
14572,222152.52
12530,151933.36
512,204190.56
7251,285195.03
4545,347532.38
14928,494951.88
3934,178362.5
12097,333179.78
10979,170929.4
16455,287345.72
4190,142783.78
7577,296459.3
11609,251619.86
2346,177206.94
7363,215272.83
13535,167103.94
9864,216028.88
16645,347532.66
2689,339109.34
5994,129837.84
14493,246132.27
7391,162743.45
13674,232928.83
7137,259635.7
5438,199033.47
10693,233522.45
9037,358845.84
14329,312854.53
11660,438221.25
9734,174186.95
12046,181494.83
11704,284470.8
7843,156377.44
3499,131462.28
16012,78594.94
15759,370199.94
10884,193699.62
9115,84976.61
4066,345642.75
12745,187903.08
9627,214266.16
12977,204707.92
7620,83037.17
11955,163232.58
271,235827.77
16091,304560.16
2193,430987.34
6190,163846.23
7071,209523.67
14320,101860.055
15578,164041.14
267,154062.77
1930,183135.02
7426,160417.0
13890,169398.23
4176,188254.3
5453,190926.33
5526,271548.25
8780,272726.5
10299,187934.48
959,441444.7
3458,105992.414
5363,397098.84
9281,165708.06
8076,193304.52
2492,291073.7
4746,138623.31
11380,237843.56
10881,212983.3
16392,211900.39
8071,167096.94
16740,123991.93
4846,266310.12
5299,304098.4
2046,275664.6
11623,187748.44
6539,136571.45
12234,244870.72
14240,145423.94
3443,130146.13
2127,189149.02
11259,140405.66
7889,133855.38
16655,219833.22
15790,152364.9
3686,120245.63
4392,155050.11
3103,241253.77
7047,170490.12
13014,362474.94
11269,495478.7
4304,434288.72
13513,202157.62
12969,104590.78
6966,207118.44
8883,121173.445
6064,203761.73
12341,217220.28
10107,294849.0
130,168228.38
2406,376854.4
6089,248077.25
316,116151.84
15812,257194.06
7053,414457.22
14691,305037.72
11881,171142.45
13503,153680.28
9569,217920.55
9846,308934.97
14415,190950.5
14873,210269.27
11180,317004.66
7256,210622.62
3721,189549.1
1211,236677.1
14887,248245.9
16220,419283.84
15451,183565.39
1602,233357.05
8917,211616.14
15595,125003.586
15242,180943.77
3957,303556.38
14923,79374.25
3087,170477.1
12959,419336.06
13631,161187.95
12704,328818.38
15197,163164.95
12599,190047.27
8761,191492.11
13013,141179.44
3464,225121.31
2366,156489.33
10845,158854.56
8092,213669.56
10528,201415.52
7132,182298.89
8958,171179.36
7959,106497.57
4847,240159.75
1477,406857.22
8264,333944.72
10048,113419.74
10492,283080.38
3859,386622.56
8676,450918.5
8146,249360.28
1619,295370.78
12609,100697.15
11001,193307.27
3644,226852.56
8362,374414.0
537,150288.95
1298,129347.46
1023,276332.8
8659,214949.56
11538,200768.11
16036,160978.67
2392,300480.88
12099,387365.2
12935,145165.36
1050,148935.39
3068,228817.92
2083,169827.33
7652,254259.61
8696,322869.94
11183,420224.06
11386,153576.45
10752,339948.78
3371,320425.53
4149,180831.88
16775,180414.97
12187,173365.67
14421,234200.28
13693,199459.17
6560,241753.39
3497,199237.4
3396,167342.33
1223,197432.78
14796,153920.19
16190,277671.5
6060,296723.66
10111,195775.36
10983,174195.34
11228,198883.56
13208,275251.88
525,467708.3
6923,160984.25
6785,167548.27
3731,234594.89
16577,215159.53
6518,225884.4
6610,186763.03
5509,134777.9
9942,300049.3
10148,210941.38
5351,114614.62
11029,134579.84
6561,150597.75
10056,142871.0
13913,154461.55
1906,170722.81
5081,178485.62
6341,334250.0
1859,177157.53
3336,201749.08
14163,145474.81
6204,361829.16
13285,203054.22
11492,233697.83
14596,105009.98
4696,448746.97
4771,282632.28
11296,142715.95
5851,139819.4
2850,195647.06
10011,150401.16
5988,162793.48
2316,81567.195
3211,139458.55
13525,172276.23
6383,136662.5
1420,198372.3
11748,281817.84
4222,249615.4
8363,251214.86
4412,278520.88
14384,156488.7
9844,169105.53
9315,216794.58
11604,217057.69
10644,232109.78
12995,182108.38
16615,417450.3
1959,219669.61
14562,203172.02
11934,241158.44
8494,164419.2
4255,191987.36
13000,180382.67
2461,290140.44
13661,201587.02
2886,229548.5
519,187073.19
5440,216155.75
10353,153078.7
12305,196943.0
2983,222532.56
12032,201520.94
743,243016.12
8250,111361.945
7890,178321.62
4722,456427.03
15358,196372.16
4183,177540.11
3970,324884.6
303,202466.16
2207,234867.17
4022,156065.3
1132,158257.77
12278,167603.06
9280,137955.4
14940,452538.28
6413,172891.34
15213,360208.4
9656,232693.9
12036,315074.6
3151,179167.06
15530,186502.55
13263,98691.39
6750,166223.97
11488,394128.12
9532,186751.67
8462,199237.33
11494,444723.94
10270,127043.47
5476,96233.93
12486,400045.6
5501,112387.07
15871,290109.62
14733,180545.12
6103,232861.77
7911,179089.44
4359,271041.75
9595,180877.22
13851,285777.2
7854,211923.05
8684,183913.66
15239,248328.77
10012,206991.53
14995,353135.66
9791,159714.55
5567,231695.42
10883,160604.66
25,197284.02
939,168777.88
9919,178796.17
6321,221857.66
16767,310716.6
16464,91522.73
3170,170695.73
1522,117095.77
5138,367810.72
797,134173.16
14586,91479.62
2872,208878.9
4259,160000.52
16616,267427.3
16512,193204.53
9663,265621.06
245,238404.34
16369,226694.45
5254,454307.47
8672,139486.56
8004,253343.88
3109,221902.81
2588,364849.53
8814,342867.62
15888,146795.81
14668,115547.41
13432,518285.22
7981,70294.734
2048,203155.14
1667,147562.61
2349,107561.77
6136,178783.16
8166,207951.66
1709,373899.94
14649,182692.55
9187,232159.3
2927,173977.5
10220,133004.62
6331,448261.75
7044,180520.39
1736,144585.72
1840,107811.65
4852,204403.12
13311,153559.27
3330,173479.42
7004,327347.97
12472,158317.94
7664,175275.34
16537,204526.6
15032,454859.3
5325,273770.4
800,233834.7
1438,160152.17
3953,124138.97
7135,265134.78
10371,84947.95
709,138749.88
4836,252020.17
14709,262607.44
2216,264183.16
11948,230086.06
5221,213896.69
159,312640.6
15775,172257.25
4818,219195.81
10222,229643.53
9867,237279.39
11763,407436.88
511,162336.22
9337,176519.3
15529,318149.03
9134,195291.28
2759,126882.47
1458,173952.25
13261,215490.08
11772,144813.7
8107,293054.88
13847,183776.12
14414,449697.2
12833,78711.04
5282,281676.16
13760,205410.83
430,221009.31
12580,171680.27
10985,361194.72
14321,142742.38
15960,361430.56
4803,217474.45
6741,146842.34
4046,173322.47
5060,258262.73
9593,332969.25
8088,244017.14
13888,189864.44
12065,126530.41
13336,185579.03
2449,209192.47
7499,338033.75
11082,152842.53
211,124305.41
11469,151694.56
5452,153737.25
7732,174666.25
10080,206437.0
15088,178166.27
6112,214265.2
7903,250309.58
2249,182469.34
79,183460.8
13941,139468.14
6693,197100.33
1156,291708.5
3877,170086.69
2864,161999.39
4519,133570.7
4712,142559.31
4642,183507.78
4766,208341.12
2429,281648.5
12013,246630.22
12309,248869.0
5505,128946.53
13711,168578.97
10483,367678.44
1648,247903.81
9391,207302.12
699,206358.06
7034,277877.8
10415,329471.3
839,219457.31
7602,208124.83
15682,226439.94
16354,374706.3
13686,178713.84
5026,190716.16
3081,289939.84
5009,194012.77
4173,487385.84
3228,183887.16
15482,331332.62
5700,224976.73
6252,191787.11
8207,84830.82
2984,150780.86
3507,460729.56
15950,84793.91
13377,248781.75
15594,198559.11
11798,219613.8
13493,169242.66
4976,176041.84
3771,212951.92
1107,167270.03
16171,339909.2
15257,171791.86
6221,188318.02
4936,156249.58
6343,197761.28
16109,228006.05
15352,208056.81
9489,190359.94
14029,197613.39
4879,287051.88
6828,137605.8
11950,84651.164
14964,145389.1
9074,169999.88
10514,223576.03
10702,198092.92
3476,203143.4
15469,336144.16
5608,164732.25
13446,527159.75
1683,196889.7
6759,121256.586
186,228212.73
7822,65909.33
7017,339085.0
1944,176258.16
10515,252852.23
2824,225413.64
3649,155504.1
8228,230826.89
6599,515464.5
9165,129856.5
12316,375408.56
11720,198394.89
13943,180965.6
15315,128401.086
14812,296854.8
4799,331656.53
2600,257386.23
5724,110046.37
3033,331852.03
2985,169256.52
8885,149317.83
12691,211999.94
15079,161953.94
14599,162816.19
7681,222518.45
5849,168272.69
675,232958.3
4343,150593.31
3122,198442.1
16602,173221.14
2211,150994.94
12965,142716.02
11016,76861.72
15756,154075.0
16151,146563.17
10746,126926.97
14130,164830.8
2231,180196.3
12325,206072.14
8949,318669.7
2859,121905.164
6797,217379.38
5793,220895.77
1000,250132.1
7364,129593.14
13802,250688.23
12755,326160.22
10782,191139.86
13169,88725.28
9007,349370.47
2118,179005.98
14517,187134.48
3001,159825.95
11913,144266.56
4030,229514.03
5323,171154.27
3572,132920.11
10290,172633.47
15321,331888.78
12795,162855.78
8845,222061.31
14559,224384.3
1435,272847.06
6180,156253.25
10590,178404.48
3889,157740.48
13160,183294.9
15254,194328.61
2436,154572.6
1770,239464.38
912,307110.03
12385,151431.33
2188,173320.97
13444,332240.8
11487,216007.52
14836,324347.72
4923,99325.99
15779,129965.22
8900,182749.64
10932,176347.8
6085,208989.38
6762,117916.266
1005,388727.34
16552,176683.66
13248,260157.4
6580,182058.19
10706,246773.28
8539,148705.75
10743,432652.94
9243,112011.91
10609,158574.94
9638,183661.7
5399,257982.02
1222,341612.0
4124,187376.9
2131,204730.0
12869,318725.3
7899,132614.36
3251,403236.12
11088,160351.47
14653,217639.4
3010,293129.75
12160,192066.62
6288,243944.4
14890,188483.02
13437,180932.53
2385,212867.11
16650,169772.94
10159,184176.31
7940,264055.2
12953,340176.5
9803,320780.28
14247,240940.06
5251,134450.58
14337,246183.17
9967,179797.7
4618,140127.38
15378,432119.3
8963,203617.97
2472,214335.88
8736,107399.44
14823,128708.21
8675,181297.98
13596,144075.38
16487,108078.68
12629,232505.0
11965,199608.38
4136,380188.5
13012,161994.95
5309,180549.62
517,365143.22
9553,164037.78
10120,176347.73
5991,185185.86
9862,159291.62
9420,180145.53
4968,237016.1
11904,280041.56
15824,183485.39
9365,118439.81
14879,191427.28
8205,227312.72
15184,118192.27
1918,212633.45
16013,229201.44
9802,186274.44
13752,229517.33
16156,175030.03
5194,121823.21
2746,437035.3
15982,248778.64
5605,178682.83
8288,206368.14
5707,351374.7
7933,191316.4
8324,213368.12
2506,156656.27
12293,135217.02
10551,166047.6
5346,479853.84
4197,256695.6
3237,157144.78
3390,304033.88
9751,191013.34
1391,235665.53
1928,203705.92
10992,299155.78
6792,335054.06
5663,181135.45
13280,225886.08
5218,80996.91
16748,248250.58
15835,225890.97
14850,188437.23
1359,175608.42
7428,207331.92
4201,116022.03
13089,71143.96
7182,148426.14
1467,440353.84
9829,221789.14
4344,173374.14
4129,164435.17
1905,173330.38
93,329826.12
8320,196666.4
12070,183350.83
8290,222079.86
11005,220187.39
116,252715.56
12275,355344.03
12588,532523.9
11378,174304.94
10961,214863.0
10251,228188.9
1152,272200.25
12167,180292.61
11569,208758.0
4141,460163.28
7614,135467.5
13805,87103.64
14680,162855.28
13543,382965.47
6786,198563.69
13529,196836.8
9158,82482.93
5360,170684.77
6098,241918.83
11174,205293.12
307,170513.67
1892,202145.55
6948,294235.78
2227,150211.75
12790,247164.98
3653,186356.84
2912,207870.1
16735,96399.65
5446,186719.77
8532,226452.3
10311,391670.3
10051,187953.27
918,171439.77
2766,157504.42
734,205074.92
6882,412836.47
15971,144713.05
1735,325087.56
442,204749.75
7228,227054.64
507,174464.31
8461,200006.06
4514,249285.72
4133,118298.92
14803,177513.73
14297,280340.1
9924,245519.88
13797,315477.84
8497,342104.06
8729,136108.17
16046,144130.14
15087,177837.53
2874,162384.39
7415,224164.16
13893,198369.62
12611,131844.75
7779,232865.31
8221,205579.67
7790,157150.72
12728,424367.78
3372,168667.28
12845,199013.84
13107,274549.8
2475,285122.88
5820,156688.36
14505,111529.28
382,142580.17
1339,156108.92
4940,220339.7
1481,66403.13
9025,280435.34
14636,135531.81
10668,91502.98
2025,218123.77
2910,186753.48
5836,185203.55
3444,133437.34
11165,188646.17
16000,203970.48
5281,430741.0
15350,280430.97
7321,229267.08
2863,226703.5
3563,150300.92
5094,220140.39
1027,193762.48
7953,302655.3
1788,197747.48
11061,181013.03
1839,328047.5
7766,198592.1
2250,213385.5
14701,146222.53
13149,279171.53
14040,187981.69
13370,270818.34
9312,445034.66
10493,139239.4
11985,212864.3
2698,194623.53
4659,181876.8
3002,138174.38
4795,258926.23
3986,139118.83
1753,526997.56
6681,179002.56
14801,191861.95
14252,290167.34
5017,149926.45
12267,276827.88
10681,178827.5
10800,168795.61
13910,154307.03
355,225906.0
12255,155908.77
10435,213794.38
13840,322784.25
7656,409926.03
1659,206377.06
2333,148029.12
4580,315023.78
12699,67634.8
9974,136112.89
14083,293549.66
15347,468015.47
1473,323335.12
4984,224774.92
9203,180298.17
5806,165369.05
5590,200395.31
4509,230738.23
763,229456.45
3067,338121.53
1143,327237.2
15403,169320.88
10793,231941.36
4849,60382.54
10717,193216.97
5430,173333.52
5874,411872.5
11286,198392.17
4407,134164.44
11998,209820.69
1131,244424.1
11920,260154.9
12404,363254.22
6552,173888.34
8459,201548.84
4704,223212.31
13883,168908.56
13830,174491.31
13273,197400.6
11323,159563.67
13257,126117.25
15846,168888.47
9132,310438.4
2909,67505.38
15927,196052.08
16500,275156.62
15974,157022.23
1278,179770.83
2893,221821.77
16128,179700.34
12794,198893.05
1341,327287.0
9219,266395.88
2982,181608.42
3113,163490.44
14358,169168.94
295,169731.97
732,252141.75
14926,168733.52
9155,463124.22
2045,170325.28
3879,229972.86
5361,322348.5
9750,472516.25
1711,202066.77
13269,145638.88
7020,170270.88
832,156050.95
4009,195183.83
5184,257408.7
13844,191233.66
12471,331271.38
1294,211224.16
6058,194545.44
15614,126120.95
7214,251241.77
9841,192961.89
4639,207679.83
5018,188892.06
1139,187826.72
2896,127342.125
7987,210725.23
13272,228478.45
13454,174133.75
14287,150541.75
414,405428.94
1524,127235.2
5818,130119.89
973,162118.39
2888,301141.03
6269,346414.44
7343,155610.66
14834,178094.27
10672,288574.88
2595,181860.45
12843,182755.81
8973,103336.05
13539,394100.97
12351,119490.72
12322,185713.92
13659,442459.62
14758,146256.83
14157,196267.84
9874,100994.34
11513,140937.06
5034,189957.86
6779,279003.62
8009,278084.28
891,327149.7
6663,188238.75
11506,226733.6
4740,284986.38
9254,271821.94
2609,212339.52
13601,137233.17
3862,205496.72
16490,205416.25
8819,200660.58
6836,180254.95
16232,157981.17
15988,140900.61
6009,202412.9
15339,180871.45
2953,120571.89
8340,153936.64
8723,219588.52
6760,236068.0
7960,130016.84
13358,367694.88
2009,83846.49
9977,199104.31
12445,331387.88
11130,265327.75
9205,378917.44
9078,242242.14
8317,165901.02
13108,301418.9
15196,205172.97
12406,138618.64
5946,132383.55
5538,211047.02
16264,232082.05
3752,236425.8
13995,181638.67
181,195299.95
13304,192727.92
4262,183973.8
11552,195484.19
817,450215.44
1198,247355.72
16535,65649.016
450,199856.56
13207,176982.7
1551,193748.2
250,190611.77
11528,170646.56
16350,190327.81
4573,138011.77
7990,316801.06
2372,204939.33
193,223474.69
8713,192596.3
7617,349346.03
1215,139860.53
3107,192465.27
8756,116430.55
15942,135741.12
7540,264087.47
14629,144458.61
8109,230280.83
10816,390706.22
10205,377619.9
4462,178182.47
9908,176471.78
11376,197011.12
16108,159112.42
13832,120471.09
3744,212339.67
15265,141630.89
5422,410778.06
2941,186656.33
15866,161042.22
15172,286872.3
15904,203988.47
5679,225020.06
5825,285441.1
3958,355362.5
8591,305714.44
1475,242905.4
2397,239392.56
12419,211301.98
7533,136518.06
10339,195430.56
8760,161506.92
13040,101074.24
5620,170545.03
4840,169488.98
10464,171337.16
7543,203426.4
1320,79850.01
2272,129856.67
6550,120167.805
4518,296108.66
2340,199049.34
1484,186729.36
1233,174964.8
12897,287151.22
15344,195688.78
7061,202207.45
13807,238742.81
487,162137.27
12297,174157.67
13452,178070.55
5624,182887.69
4483,136172.23
265,179930.9
503,196594.25
8919,305095.25
3102,118649.195
5190,443285.12
7699,206768.38
15080,223353.53
2439,251434.39
4387,206511.05
7427,143216.5
16056,171468.58
14546,418409.7
12353,184141.53
6991,304135.47
18,241478.4
459,309437.5
433,251404.25
12001,391634.94
4428,129669.31
2650,151310.31
5652,135439.0
9455,503658.0
469,282028.9
14997,193479.23
624,149016.53
798,222981.69
12317,120114.73
9011,207346.75
2923,440740.62
7130,164721.47
1616,119301.15
134,209134.19
7463,242367.38
15732,411426.6
3275,225978.64
6621,208140.1
10570,192871.42
6105,184411.42
6858,208674.81
1929,260882.66
14583,136611.75
354,200143.61
6378,170474.5
13192,84447.37
3602,388474.9
9148,262604.84
5459,233591.16
12800,218651.64
11077,210815.44
7301,386020.84
10775,331169.72
15009,132647.38
8770,293489.25
9996,284545.22
6810,182947.55
11364,228638.23
7252,136911.92
5910,236472.22
13187,254156.39
14678,188191.88
426,186185.53
4099,214784.47
13496,189828.27
8005,198603.34
9467,286410.12
6732,177040.23
11617,166793.66
5439,223925.25
14195,132429.8
10131,298349.66
12788,141798.25
13988,382061.0
12153,270724.72
6270,281736.8
10988,172650.98
8,355763.47
146,256631.8
3764,410233.88
5118,439370.38
11023,198483.02
2951,169429.52
10101,171755.64
4729,249225.33
8148,187327.42
15305,439570.4
8325,158766.53
1935,386381.53
2839,182452.55
1845,153280.22
2842,211585.92
14019,205129.95
11188,262194.0
15199,135746.64
12563,156545.05
5231,329431.7
7555,173025.4
10436,169474.31
14610,412659.16
5912,214526.81
12443,188239.6
15918,71533.984
11051,335535.53
2714,257372.03
10766,238801.42
15508,166806.95
12118,294801.06
9160,160097.72
12019,163191.66
12062,277595.9
9176,290876.75
6135,348184.9
6563,139833.36
5962,137831.52
5783,309916.38
2580,179785.36
802,244956.47
956,279129.84
8690,206200.83
1228,192074.0
15046,257514.88
5603,257525.89
5199,129601.805
3842,176114.67
7671,389527.94
5214,100094.15
4381,385007.62
4620,209939.42
6289,347050.56
2692,395584.2
9671,385490.56
10115,176529.84
3164,303756.62
10277,175728.22
2836,169288.19
10486,130608.55
13313,348658.38
928,229518.25
12266,286870.9
16085,185369.61
2260,182043.34
751,538598.2
5943,335268.9
10141,139261.88
337,160454.19
12212,195637.25
1910,206878.36
13403,355521.9
3061,204572.17
2733,138170.33
14115,174715.97
2446,233043.02
2183,219061.77
1926,265602.9
6044,317311.9
6783,216584.06
11437,161202.8
10625,240496.12
11817,234113.08
10545,301380.84
3133,182968.22
2690,166189.31
12705,202468.22
4707,167749.88
8509,392798.62
8065,154389.14
14342,169591.34
7809,92878.36
9403,173895.53
1874,155540.33
14313,155993.84
16466,193321.75
10740,199766.61
336,267996.88
14024,173873.73
11170,287153.3
4606,264704.25
12470,273387.75
11636,180976.14
11761,212661.31
4609,184546.23
2330,299265.9
14557,305432.5
1409,179982.69
11189,127264.86
9899,134655.1
5032,141760.89
13387,225221.73
7565,190533.6
3409,190015.5
2898,202766.42
6632,207574.3
2029,183186.23
13254,108817.89
1663,179815.56
16706,481786.97
1723,117147.54
10023,191573.27
11903,151516.84
12450,183695.39
15580,116992.77
11011,130264.52
16756,130249.3
13366,329089.0
10440,130786.625
13961,133870.72
3015,171549.81
5648,201457.25
11547,272420.62
12886,131770.03
9198,134796.84
12434,242118.19
10605,250939.83
11593,130868.61
866,102005.75
14734,103245.25
5038,192049.28
5702,262434.72
4937,307518.7
11820,180135.19
106,194565.6
7736,215659.22
591,153292.9
11462,189809.23
15858,282633.38
15205,258555.2
7607,224513.06
3457,139363.75
9129,155533.44
4161,174708.33
13565,140271.75
13575,138949.0
7522,301575.72
1419,235492.7
13109,232914.33
11539,177944.05
15627,127601.14
16080,221170.17
8818,164421.34
15655,335704.22
1649,66829.25
7741,181476.83
15168,262377.94
12810,392585.56
16689,190987.66
9976,153713.73
907,192264.3
13986,355655.03
2710,389855.78
12889,184313.92
3214,144254.2
10022,367432.28
15217,165869.8
15719,185911.39
4515,148147.14
16716,135559.28
14523,219794.84
9989,478917.25
13618,81050.96
1158,188070.08
15397,392232.53
11680,175492.25
11329,233458.11
7431,273570.75
4539,196980.4
8543,152378.86
13784,218152.05
1073,368226.3
5334,187605.47
14316,164331.81
8350,182739.6
2838,125636.016
15543,161984.28
11933,350212.94
2932,265985.22
5859,145777.17
8102,147393.11
14265,152227.78
11906,358584.94
11418,200709.88
15990,217743.17
14498,255313.1
2076,81979.81
14742,170388.95
14578,115773.195
16733,138158.9
10126,239298.77
8331,388423.66
12233,176333.06
2695,246744.55
11610,272100.72
6902,142515.73
4109,159384.9
13330,195570.64
3320,162646.2
9,135701.33
16231,156507.9
13771,146347.2
1778,186645.06
11730,187109.77
3543,205210.56
423,280265.06
6957,147458.12
12076,223925.44
4974,195217.9
5546,242128.8
4064,202724.98
7924,216094.38
6776,135817.78
7410,157842.27
8956,189337.6
4709,153468.86
11148,122683.23
14788,118986.484
12876,149676.6
1596,231581.5
16214,305153.1
8752,147164.28
12644,189669.08
4198,88885.055
15592,196886.12
10685,179235.12
14466,321351.97
16434,206942.73
14341,233385.38
12708,148712.36
13262,495952.75
11318,195845.95
2033,209345.5
15857,251112.78
16554,267615.12
10771,257394.94
15708,174998.73
11637,147993.11
2870,202775.44
7582,202984.06
9739,338183.47
9342,269315.03
6338,222018.16
13046,176635.44
12579,131290.75
6342,371413.03
7160,150738.19
1324,195915.53
12991,172963.98
13756,135908.2
6019,157955.77
10078,233552.05
2343,159180.0
16275,235926.4
5696,464027.16
1,234145.77
2248,218534.8
15628,135051.73
682,189744.67
14884,197477.61
11031,285487.88
4001,189508.86
8533,135732.1
15147,185402.27
12747,136299.9
13168,212295.11
12829,211281.86
2675,279523.97
882,143652.86
14577,196673.02
7264,163198.77
13799,223024.7
2219,334496.66
15208,364367.62
9178,184500.31
9876,217577.9
14506,157991.64
1695,156754.69
6661,103590.58
12200,219055.67
7963,222247.86
3209,187854.36
8164,303335.78
7584,299867.1
7873,266591.5
11212,230042.58
13736,202628.84
626,189516.23
6284,267425.97
13728,181021.38
7099,292578.8
1618,269518.75
7201,178153.31
5902,162472.86
15739,236305.42
9546,112786.95
9505,203507.16
7818,315953.22
15324,308327.94
7289,164580.12
4548,247682.53
13058,131850.17
13623,156426.16
2668,158398.05
2799,167201.81
3867,330936.0
8658,147670.05
9543,206652.06
987,396823.16
6209,154366.23
7939,160263.53
16478,356237.56
4258,160811.81
12738,333011.72
11027,114468.67
1741,175525.64
16198,218035.19
15975,255252.47
9224,142839.58
16792,134345.75
11729,178170.83
13121,232609.64
16528,155317.67
15677,332713.4
15433,242409.16
4,242334.23
12408,197383.7
8441,176966.67
1624,225598.89
16449,142550.5
6872,225949.2
12271,177374.86
13396,153426.33
15833,391067.22
1105,295421.78
4106,135524.86
3031,442008.8
4546,164087.88
8258,64126.086
9946,256419.56
8027,219239.94
6337,122565.59
10342,171709.03
1885,228098.4
619,353532.5
3531,151421.44
11357,194982.0
1380,214741.81
5691,191998.88
14780,411365.28
3930,234995.7
3148,457793.16
3830,120915.44
12670,106017.08
14274,279641.0
3438,256473.27
3242,132633.53
5470,249031.61
14237,208137.36
2431,282911.66
1425,143826.1
14227,448282.3
7009,209234.75
16024,209138.38
7330,221810.7
12378,259727.61
10378,260909.8
6926,293585.78
4027,231363.88
7435,167739.03
11299,200492.27
12112,226078.58
4723,447725.72
14224,185786.27
11300,174729.25
16124,206280.36
4988,156770.53
8019,260266.48
4036,142457.72
2075,169040.06
14593,149652.36
4499,223822.53
3685,374157.25
2168,253485.39
8263,184106.5
9242,198475.78
14855,291323.56
2800,386368.2
14715,324045.47
12729,204522.34
14683,215826.95
429,520823.84
723,222638.19
8170,232947.38
2770,134878.34
14395,187531.38
12326,205716.06
221,303839.9
9448,167794.19
1593,165371.66
8962,124851.57
11068,376533.0
7896,187416.52
758,130119.125
9252,198488.98
6077,157862.39
4186,317728.53
8220,218571.7
753,153512.55
13063,193773.42
5728,178185.11
10817,212925.16
7868,507348.62
8580,192604.08
11100,174944.12
1003,144801.72
4779,122760.6
7121,180129.19
3946,224126.86
4426,178915.28
11309,111068.54
11285,242337.19
8222,122740.44
1189,126976.7
16356,183462.28
446,214529.11
8530,251435.75
14289,191697.27
16009,241466.38
9692,219786.72
13489,251287.4
13010,177448.62
6083,104881.26
2707,149375.27
5898,236840.27
12994,207638.8
8796,141963.78
3009,128242.17
7033,301994.53
6615,136628.97
2235,175146.84
5565,188151.06
5869,108143.28
6384,190721.1
1001,178597.36
11540,254969.64
13967,190094.73
4097,156377.03
9993,195863.55
10166,282940.53
15928,357291.25
14584,129926.62
1962,390432.88
10363,152557.67
1097,73501.85
3430,184793.53
1672,198852.36
9195,107697.086
16193,160575.33
9076,251909.84
13030,185391.08
14459,138421.23
8470,145397.92
7810,286515.25
4342,139458.47
8551,132301.19
5555,494966.12
12190,247398.66
8875,156528.19
3179,229007.33
291,216381.03
4549,456902.2
11486,199209.56
9349,257908.23
5305,180126.6
3379,341344.47
12593,518177.53
13712,133387.88
12847,174598.34
3964,221930.31
13981,235317.78
2538,182824.98
14764,142544.5
6147,155402.98
16693,174026.25
9398,206148.64
13554,134734.14
11054,323382.53
9462,122087.6
1528,188325.61
7096,373994.3
8993,185281.36
3738,335081.34
15096,362596.25
97,356704.9
5701,331375.44
12401,222779.56
2113,356612.62
15724,274965.44
15692,173143.94
12791,289763.38
10747,216013.33
1730,131047.79
5010,230329.6
10173,201545.6
6771,162156.33
6524,189950.77
6995,354491.5
14303,225239.23
1274,84620.01
9095,150393.5
15435,140716.92
9363,174200.62
7913,401218.4
14286,212274.6
4759,175608.77
8674,193651.78
12459,241450.64
436,167111.39
13586,206411.4
3231,373934.47
8124,164155.81
1226,289134.94
6887,172457.44
8855,317281.03
1768,132199.92
1630,173004.4
13293,116570.58
5705,194685.34
9067,142105.78
2790,233757.44
15012,134171.55
2411,216996.17
12054,188480.53
15653,132759.33
278,192876.77
1828,133011.7
7031,126627.266
3906,134062.28
13027,108217.17
4505,283908.2
3927,200321.48
12396,182966.95
6394,280845.88
8922,265275.6
11446,195608.58
7546,285735.84
15150,183221.7
2988,286078.4
3077,90916.27
2111,188858.77
10235,156543.19
15784,203940.52
12113,208532.8
5645,194179.53
9326,340688.72
12895,379375.62
11733,316293.94
1201,157566.23
5253,318036.03
16547,187053.89
2378,212298.89
11477,121178.9
1984,202256.55
8806,392310.25
16722,189372.6
7893,221628.31
8821,167898.12
9816,166590.22
5133,194991.55
8377,290356.12
7319,147293.1
2326,193439.36
3492,198276.38
14868,203014.3
13464,177089.86
1137,129530.14
15733,214350.62
12108,214536.03
2564,181249.48
11080,256458.45
9084,171301.8
8744,195930.34
5915,176667.61
14622,187531.0
9818,367831.0
2376,228658.31
16788,175567.16
11363,204096.22
14256,167053.84
3701,174541.95
12627,97070.09
9235,138595.7
6012,189827.47
2189,320564.53
14736,166847.89
5252,88240.195
16708,190007.77
320,264131.1
6943,160319.03
10548,237117.22
11356,332717.66
5855,268337.16
10265,274561.47
3325,154828.33
10243,219116.9
5549,172571.95
1284,183586.45
14510,102079.97
12488,114824.375
12089,377490.22
11715,219736.06
312,121957.31
3700,210533.8
10028,371122.12
12374,313020.0
9624,342977.0
5232,484826.3
13763,235927.4
2774,167741.2
12312,131403.9
3288,267311.6
5404,227768.14
3555,220399.28
3070,255018.81
12879,162127.17
11402,140276.58
9345,166068.73
1045,256405.05
16544,167298.5
5409,157335.94
2787,265515.38
7055,201943.88
2853,270982.47
861,193769.97
5480,196798.6
15178,72350.05
13428,457908.0
7564,362065.72
5974,369001.12
16292,188691.8
11066,263024.84
5265,259713.77
1966,145296.27
1142,147127.7
1721,204056.02
16606,246593.62
7992,179224.84
3304,142078.3
15181,241496.23
14750,231829.4
16207,188910.84
14087,486133.2
3359,224653.16
5926,209830.06
12703,290926.75
15813,139907.36
11697,252226.16
12548,186387.1
13249,518886.6
15248,535513.94
15847,160408.1
3939,211760.0
11961,176799.16
1358,262248.88
4604,171398.23
4357,159814.22
5763,91649.9
11193,170589.17
14327,157046.9
10750,82321.23
306,183654.94
5043,160267.5
1343,146983.73
8981,127080.1
8809,198225.7
13563,343614.38
8617,213160.08
5398,183977.31
12061,193534.39
2246,180126.4
1976,375197.8
1729,152347.11
3980,206449.97
14213,189238.17
13944,188168.6
2321,235194.2
6624,123950.98
7751,189920.44
15418,160830.5
269,189016.81
9075,140221.83
9636,220665.72
13367,338145.88
8808,180821.4
3260,171393.52
13959,139089.53
13741,380040.22
8198,140221.14
5957,163828.55
14778,319379.78
1202,169006.22
2547,181150.88
12749,162317.31
9547,141008.67
12617,193475.33
2606,286985.78
1350,496207.62
822,221713.16
2778,223215.56
4870,161839.69
1985,214787.67
12634,177932.4
7494,189594.36
10397,192534.14
3184,200288.23
875,167463.17
4425,209767.97
6285,220515.89
10272,243379.77
4413,147066.39
10671,404787.4
16477,169224.38
6068,248832.62
3085,326322.4
5694,115204.37
13369,201606.06
7268,359788.62
10542,175974.56
5755,361176.38
5152,85383.55
12310,452878.94
7778,195550.0
12539,256276.08
13140,336338.9
2991,424895.2
6763,257608.62
9780,321088.66
14402,183010.88
12143,145778.83
15306,171743.02
6408,178649.86
14645,203983.62
5708,364084.44
4461,180713.0
2649,229951.11
10758,420763.88
2495,155862.73
12117,235811.34
6946,215201.89
12901,139078.88
15637,210103.1
625,384879.84
3028,129650.87
12041,129387.82
4885,168070.53
7232,139649.6
1897,208460.47
10380,254768.55
13762,149015.78
12954,150545.0
7621,176981.66
5067,181837.69
1851,146748.75
5042,153888.62
5170,301733.84
5454,174505.11
4423,226574.73
9137,293784.0
1200,183340.3
1134,194910.69
2363,392363.25
8946,198524.52
10223,211745.56
834,328638.0
14667,227638.95
15963,216303.84
14232,157740.73
9549,132850.1
16132,151554.33
14712,274595.66
4623,332563.7
4089,258045.52
16054,318306.4
1805,349389.22
1138,322929.16
12929,207516.56
7529,109410.24
15818,167735.52
11222,208565.05
923,202425.25
10708,151863.64
8742,130342.484
648,215148.11
5287,393639.38
16378,265386.75
9837,369695.84
9653,192252.3
6568,192154.64
9930,215959.5
1823,475966.1
3194,168587.12
13453,322354.56
10226,217643.4
10301,197341.98
1186,196398.47
12857,157493.52
4883,195173.4
2854,166927.22
16744,184174.48
6559,141151.95
1986,176683.4
11373,216538.34
10019,180728.12
2322,149218.2
2214,150736.67
8759,200669.5
12228,474117.62
9563,329879.38
7271,334711.75
1161,130878.37
8436,184950.03
390,364167.3
2238,184789.64
15247,377242.75
2728,149317.31
13277,221279.47
6320,221364.58
9152,287377.94
14741,315518.75
179,176057.86
4699,340833.12
6726,138086.06
12516,142175.64
12405,205123.73
14354,241322.7
11036,276971.47
3805,297302.2
12287,249041.02
13915,175482.66
13935,215790.19
4463,371804.1
14057,158036.48
3897,152544.61
13602,90546.94
14652,169581.98
6533,219377.11
5485,201531.98
5037,180387.98
2179,186796.14
4786,205801.19
940,146723.05
13801,112757.766
2311,170139.06
15753,259661.67
7725,135045.25
14405,182827.45
13461,232595.55
14096,190053.75
15634,210328.03
11208,241223.97
8640,285157.53
13666,131841.1
9169,171987.66
5839,118962.266
5936,168315.69
8843,268520.22
10815,256114.5
12717,214845.4
8548,399965.16
8230,164414.34
11321,215521.3
9767,185679.67
497,176830.25
9143,173071.1
16166,510823.3
15231,151375.95
9568,262910.56
13185,120954.79
3594,219567.05
5924,136722.52
2949,175748.8
2762,232100.02
2017,230036.16
11116,241236.31
6626,207134.36
13055,178248.17
7852,161892.75
7930,149443.28
10694,106478.47
5922,236564.69
9209,360238.2
9278,206206.58
1482,156932.69
5671,177909.47
10618,191938.98
7303,160202.94
13702,178905.1
6451,244533.45
1761,156478.4
14567,218293.33
12064,196732.61
8526,237504.95
4270,135820.19
9845,225031.1
15987,266407.66
5923,168682.03
13302,197105.61
16052,211523.05
1613,237751.14
7662,277831.34
1705,182401.9
5845,140313.58
8873,165179.4
2798,101540.3
965,437979.44
1355,153607.5
16596,200371.17
5296,132969.61
14032,150204.95
2451,193567.62
15949,232138.86
4393,393100.25
764,156941.56
5317,193496.97
10610,221967.86
10646,138377.36
7695,170943.88
12743,103705.03
1837,198999.31
10674,145274.94
14979,208156.34
6683,235548.42
6587,163373.77
7266,172805.53
10136,136436.67
1048,204958.72
4677,169043.0
6976,450428.06
8120,161493.22
7461,333144.53
4229,160205.12
15983,128452.414
7147,410726.47
10409,240701.83
4041,221229.78
4431,264238.56
3196,246487.72
9825,235833.83
3284,145381.23
3838,157982.7
9183,168589.66
8100,247710.8
4922,166627.78
10798,98994.336
2873,186857.7
1952,166028.03
6474,172242.05
12695,207132.4
16195,129052.016
237,210690.38
13952,175901.4
11350,222693.78
946,177773.56
5985,176287.66
16427,191672.88
13937,172937.16
876,179860.39
14371,186244.4
5527,269125.88
9220,143561.73
11726,166163.84
2966,233800.33
12725,189329.69
12457,173232.64
16515,139794.39
10969,121056.38
12647,252988.4
3926,315825.94
4302,167629.89
2508,200444.56
8718,195050.47
7678,238026.47
12912,177290.72
5935,177571.53
4634,143990.47
6208,181523.0
7833,160424.03
6449,160013.7
10692,187125.28
2676,179373.8
6723,185181.4
16727,252067.9
5356,170831.31
13386,174911.48
7813,188575.23
16321,164310.14
5500,163577.11
1917,364489.7
11065,201311.4
2809,210899.58
4220,303336.47
16412,199621.05
14670,211311.58
12787,183258.08
3843,246040.22
5953,344378.75
16182,282712.88
1406,275322.2
16382,106993.234
11650,247048.53
721,185497.81
11045,464694.7
14478,199284.05
9214,226144.81
8615,155704.0
8334,275099.84
3389,356315.5
2681,105216.63
2373,227940.58
6031,202746.42
2452,158096.28
14305,213700.16
9484,184801.83
862,180498.52
3422,324085.06
304,258818.56
7697,516933.78
16394,102397.71
2882,242189.7
5600,187097.19
13649,201959.64
3440,186602.39
12920,86310.07
13733,140981.7
3106,211958.56
5959,224565.0
7748,222533.12
6345,125135.32
14551,169250.75
9496,288340.47
7180,334093.6
7883,213203.69
5875,173761.67
5126,332969.44
15605,195412.3
7306,167793.4
10020,182574.25
8909,382381.28
6719,211130.1
5243,183485.47
8971,139559.45
10062,293147.6
11962,227202.0
13462,223912.16
8986,146315.94
7320,247914.73
15855,334978.88
9415,158714.42
11908,200223.73
16582,212247.83
5573,265062.38
6704,173943.94
12499,218025.66
7110,143979.72
13600,406427.12
772,288671.0
5155,201575.28
14191,269296.2
3734,362194.44
2860,210511.89
13680,126755.83
9879,332368.75
5333,171028.31
5208,152948.0
188,175658.33
11440,150247.83
1165,144167.39
15559,152562.03
12706,185208.12
27,146788.48
4611,193775.2
12937,149425.97
16276,331285.06
6153,166430.06
12058,157892.03
14982,203315.44
15195,255800.78
778,174354.14
10769,123591.46
3268,207105.0
1286,169643.83
5450,393537.56
1221,246077.28
9940,174261.81
13325,222476.94
12270,259018.08
8822,238559.95
10897,170045.47
9330,230315.05
11984,189543.64
15056,247166.69
14954,243079.44
14905,232175.05
5219,212439.06
6613,218571.1
9139,122975.65
11456,179058.6
16626,248935.55
11247,183119.75
9972,207944.38
2631,132256.4
6526,112879.734
192,201986.77
14160,206066.27
7623,317998.53
5468,191294.06
11331,208066.45
3308,145323.84
16154,175021.7
7526,254127.34
10174,170116.5
786,328291.72
3956,429732.2
11499,208014.73
2105,222366.06
16065,212975.19
5999,87282.445
1060,259142.44
4805,364465.62
14876,185759.42
1411,155431.02
6989,82190.695
9869,259054.34
1272,237828.19
13306,173733.06
4853,283496.8
210,204162.75
4466,224779.88
2954,234472.31
11110,184687.27
6576,221858.33
10424,221888.78
14269,128979.22
7491,252785.95
2158,157954.12
7386,173244.11
10555,331396.3
13,188969.42
10184,126161.25
15576,139164.22
10698,275667.25
5375,201042.48
9089,199505.56
6126,312402.2
6973,162583.89
15437,205920.67
5000,244150.25
3690,201611.17
14190,178324.78
14930,190712.67
13468,151798.81
4658,315070.0
9111,437388.7
14766,125044.92
10291,181757.88
7295,204166.4
7394,326865.38
3936,201959.56
7127,418419.88
11822,287920.03
908,187257.73
3669,308989.8
15641,285036.47
7585,420354.25
2569,125067.586
976,137638.14
16111,157579.38
10258,133534.1
13075,344647.78
13059,223413.36
5893,191546.42
2308,261519.97
6724,193104.73
9533,169787.98
2122,123269.06
3047,179633.98
8558,152000.3
6977,382844.88
9526,197629.27
12127,224401.97
385,339288.9
13382,322446.06
4135,131994.56
10162,205853.31
6932,118997.945
13321,185264.95
3925,170916.86
14794,148555.7
15151,410166.4
7125,144647.67
12017,163028.52
12288,216338.23
5618,144871.86
14018,146300.1
16465,195372.33
5268,87672.32
14685,124739.25
6477,125250.44
6618,316061.88
12521,161558.42
14749,261951.2
783,147803.6
14120,171167.36
6367,276246.53
9493,213965.3
6941,81445.836
178,320990.28
15073,130821.05
14594,196496.14
8622,87603.21
3740,211071.2
3065,149583.02
11752,153367.34
9928,139118.44
329,221024.73
15064,136678.17
9887,192445.03
3263,184394.98
3493,184252.47
5424,201175.66
2560,180815.55
7914,403757.06
9969,208194.83
6223,203210.9
3043,273428.66
3147,145110.94
9366,176053.36
9907,151084.08
10532,281922.22
14417,168191.25
12526,180139.78
11504,155691.44
15999,228313.16
11879,326896.88
7373,230145.67
5654,352708.34
3495,222200.03
7307,133677.67
15417,202870.44
6505,169636.36
7213,170081.92
5107,279909.5
3481,160765.25
11968,391521.03
16723,156142.45
14963,189927.86
2314,128022.875
13224,172992.88
7759,148710.4
13954,232895.39
15957,458838.97
9322,282889.8
171,192473.88
6464,314666.66
12195,185423.89
3008,246829.7
11533,169772.47
8792,269691.97
13966,345442.75
3677,177675.02
10647,228634.17
10974,191887.16
11973,143568.53
12958,197706.7
9952,180688.98
15190,329928.0
560,376262.28
11684,347382.9
3366,143123.72
2163,277774.47
2229,155852.0
16643,369109.16
6554,188450.47
15889,191889.39
13411,222115.1
3818,267811.4
914,197737.98
15357,157845.73
264,190706.28
12055,190140.73
12506,277153.97
9986,195058.45
7200,399679.97
15970,156430.94
7485,208021.05
362,135170.75
2493,130444.71
7424,149945.23
7746,195629.2
62,171199.56
12124,376390.62
343,201026.08
2421,234573.66
16110,174417.62
13689,188650.75
10035,309580.8
15361,170826.08
10373,140698.2
16688,125752.22
9368,183689.95
3416,172289.2
10663,188802.12
5286,159251.9
12622,170539.7
889,242557.39
7471,160665.0
10154,172085.95
14789,153954.36
14818,218980.4
526,177131.12
11780,155759.75
7740,236121.78
9329,177136.81
7255,226343.98
16718,126453.18
14413,152970.62
8950,374184.5
7254,312328.9
5881,190194.73
16737,217467.67
9151,408265.03
9324,230435.52
578,175745.06
458,212360.12
2261,511562.5
4532,180858.97
10505,171221.52
12168,189166.88
5381,147940.81
8190,208853.16
7661,469560.9
2578,303244.4
4780,195551.81
1538,290941.7
14064,198489.12
9515,158549.47
1254,139527.8
2151,167675.81
3024,163137.7
9799,185359.95
10455,162052.88
13116,138603.23
2575,352383.06
7991,160349.64
11147,259360.17
12618,254823.58
11524,214295.1
12350,143399.02
9009,128828.46
1746,182144.23
2773,242901.38
12679,456667.4
5777,202540.62
9991,176320.06
5473,300016.9
2094,164312.9
12482,248033.08
9693,107752.82
6699,124210.805
4603,188803.72
4205,227704.31
2764,251291.7
1542,286762.6
11336,75594.67
13791,185331.94
14462,179658.75
7739,326148.16
14496,172378.25
5868,189112.39
2789,282068.78
4862,166714.19
319,170369.8
3172,173839.22
5674,176395.4
5048,210548.81
1245,351519.7
5906,185714.55
9108,178322.58
7788,172915.88
3315,193551.27
7165,206368.22
15612,231835.11
7693,70863.09
10795,181489.92
5659,206061.45
12551,304459.44
3459,266967.22
14301,191456.39
1645,125459.016
5529,443283.5
1297,157539.3
12463,219415.75
7141,142538.16
6334,172411.6
4221,457410.47
12383,316872.7
15622,171676.78
9199,144706.02
4897,180191.94
14203,136424.2
5349,146905.45
2531,149939.03
14935,135887.4
941,208162.66
11298,196338.75
15545,230248.06
7413,116403.43
6507,189265.47
5308,136869.4
7724,157720.19
14089,169726.73
5090,140307.1
15314,132924.56
15668,201865.52
14202,140078.84
16390,209727.73
1501,310434.22
16098,196714.19
4533,509961.94
11010,174542.2
8129,226439.16
3733,209492.89
7191,198590.23
5669,190261.78
10727,168945.28
2023,155975.23
6766,214804.81
1995,231354.03
6935,319003.2
4584,144127.97
9901,225772.81
16374,188907.73
9028,193188.73
7013,215460.05
3014,208897.19
7965,263398.84
653,146997.42
12103,202582.83
14000,340355.16
16101,238050.28
8147,261599.97
14304,194407.98
7371,167548.81
2779,175497.17
1781,222912.72
8516,145275.33
5298,185681.22
7948,227092.27
5177,177512.02
863,320448.75
8318,149657.67
15712,178034.39
8010,222336.8
7351,156698.55
7654,228831.33
1860,156269.53
16734,268117.25
2848,176808.12
4216,212729.39
12398,316156.53
8982,428103.38
13414,205677.12
3120,309963.06
6071,182967.77
7743,189706.02
1346,237621.28
11643,126222.37
4301,253240.98
16745,150313.84
8726,388132.72
13819,152797.1
744,172942.36
12094,223938.73
14004,203764.36
10891,266182.9
6736,212922.1
10613,286167.44
76,356208.06
1261,174560.44
6033,217008.05
16482,205540.6
3480,179981.0
4007,348104.78
6937,468648.4
6178,192986.62
14633,101869.695
9382,423435.7
11971,256579.75
14461,207559.11
2509,191619.05
10714,326417.44
14363,205156.08
4244,159189.53
227,166091.77
4498,246269.78
9453,149430.47
14134,173819.23
13920,301508.0
15077,175986.33
6680,131690.55
1899,260985.08
516,142134.83
3213,271701.4
8944,179045.34
3726,205243.7
6380,210569.83
12849,185981.77
12751,141098.4
3139,398613.94
13621,156482.89
7115,310262.88
4830,160697.05
10785,362774.12
4248,291080.72
2161,236353.33
10707,184296.1
13314,145353.22
3658,182523.52
1738,261028.16
11744,262896.66
7407,193614.02
5169,113438.33
3821,158863.12
5805,171612.12
1573,219458.25
12131,404378.94
15806,175001.78
11672,313965.3
3892,194869.61
11727,211520.61
16319,223771.02
5055,148447.1
14296,197087.5
10905,179886.78
2590,192928.31
4475,161132.16
3313,214959.4
2464,367492.12
12184,198828.23
14886,141562.33
1385,150406.58
15561,157165.19
9884,149429.0
9895,201073.52
16307,202200.55
2978,225200.42
6553,461991.53
3951,256177.75
1555,282720.12
8502,96702.01
15095,218910.55
7372,214030.5
4385,293391.66
4362,203197.98
13831,182773.75
6489,322561.94
3098,174909.06
6268,157247.19
11688,260301.05
12426,193203.9
13894,192873.14
7239,138090.44
425,366724.34
3425,105443.73
781,181506.75
6206,367836.34
6543,177374.0
13646,250438.06
1686,278372.5
10664,193152.2
13420,140885.12
14300,130257.375
10604,203588.78
64,207959.55
2786,172429.78
5622,200541.0
10123,284124.9
4096,197078.22
3502,173001.45
1758,129999.31
3570,120942.7
7227,168012.02
13451,197240.22
13668,248998.08
9599,169775.38
5260,278201.78
10087,223690.72
6075,266203.6
15227,448194.78
7864,227883.97
15836,106592.875
16267,209911.34
15771,266597.84
7644,288383.28
6026,207087.62
14857,216179.05
12003,224410.89
3770,142107.98
14196,406597.8
7468,146090.0
12165,326604.47
14233,129387.375
9126,134416.97
7229,196528.44
3384,212887.22
6401,288751.38
10877,327625.34
6045,194116.17
10901,292859.9
8999,234513.25
16355,221545.84
5110,281705.34
1474,155918.27
15023,277701.84
82,168074.95
321,234393.92
8236,450382.22
123,253937.5
7210,112894.016
8979,191417.06
9702,182007.98
9258,232193.9
1402,204958.72
15587,147539.42
14438,282309.78
9133,223028.61
9672,219429.11
9313,160286.08
1353,237238.9
514,191287.8
364,154600.69
1895,295217.75
206,358719.44
15290,219241.66
13504,197346.34
14673,145752.53
15642,281108.9
10729,198361.12
5837,447362.7
395,157474.08
3679,158363.89
7673,223863.73
7785,231151.66
10264,97320.82
7962,147225.27
11683,238529.9
15650,181900.0
4247,173195.48
14721,199011.45
11717,244881.48
5593,377927.0
7855,172343.42
5196,206123.33
4245,155760.95
11424,197241.8
15203,187104.27
14149,177127.31
1352,197154.7
16135,214428.97
7054,144708.2
2044,292234.47
1503,211145.8
14094,171434.36
12235,158000.47
8189,522661.22
16588,261016.27
9957,110453.195
9457,163877.77
3199,198606.64
10789,180712.94
5262,157472.42
6854,188219.5
969,191399.14
16613,173940.36
12748,284413.9
13926,258855.12
7390,332784.6
14971,173697.7
13103,261268.36
3616,152839.25
5860,174759.05
4162,202225.75
12144,177783.98
8544,533994.75
3238,179478.16
3341,293028.4
12864,265363.3
9101,150586.53
11325,221506.52
3180,195495.81
1965,303272.66
1893,409569.16
12668,177764.12
15030,112844.5
13404,75283.72
807,141033.12
8515,274269.5
4695,125022.44
4761,182640.03
12203,120140.35
5347,180167.69
13399,353767.4
13858,154054.81
12505,255857.34
2442,347813.16
15245,303476.38
9898,109761.22
11651,155272.28
6259,142282.72
10520,372368.97
13599,143097.31
9694,237852.72
12220,313787.2
1529,116303.27
14853,210596.3
16750,195185.75
3630,120336.19
15943,186167.42
13828,363004.16
15618,110922.484
6130,171737.36
14219,134707.42
4276,250478.8
12798,152276.48
14215,467006.78
6290,205494.83
16625,194495.47
4067,223507.06
3552,203598.97
3804,195563.17
8465,248442.31
4395,200486.53
5682,203008.36
14241,170672.78
7489,133753.95
12468,168853.98
15608,199617.55
16783,319481.1
11500,545407.1
9154,184253.42
12474,168177.16
6620,224368.56
2334,268695.97
11545,158975.39
2981,193929.02
932,126007.79
3466,110782.16
16367,138303.53
7737,242414.1
9122,132766.5
13015,216429.98
950,208854.7
14806,192574.92
7354,177993.38
13706,202130.64
13993,278074.44
10577,136368.61
4592,167707.03
10295,140948.97
16432,265953.3
6453,149024.42
621,356607.4
7114,294444.06
6310,223311.56
12769,142710.9
12078,183969.6
10073,144410.7
11732,155267.31
3146,250134.36
15028,131564.61
6718,219866.75
6256,158420.69
14217,236606.89
506,190623.34
5013,285322.44
5302,150898.89
15453,130652.28
14535,280563.12
8160,235767.55
4075,129450.87
701,262135.36
5807,173484.92
8469,296744.88
419,251258.34
2524,249142.62
1633,101510.266
2729,204391.17
11838,113414.89
6052,138913.97
1248,393099.2
6677,148265.4
1347,340603.9
8673,141568.53
7848,207626.53
2024,252344.02
8410,158991.44
11855,434196.2
16426,201219.53
1129,353887.66
10596,185004.17
12640,170510.22
1415,102814.57
3250,174195.88
11081,157692.28
2767,205850.23
2638,139368.78
5377,229509.81
5436,187777.88
10215,170701.72
2662,121449.21
6476,186928.78
618,154682.94
11895,201267.19
2292,170849.69
30,164798.55
1988,204279.27
13093,261301.89
3786,88535.73
7481,220987.2
11379,326749.84
3352,302315.53
2828,269823.3
10888,344573.7
1119,265489.47
4848,213706.42
8265,112919.1
4774,139884.92
16659,237116.9
845,245075.02
8002,216812.5
4583,305845.84
7640,211006.56
2132,455583.7
15218,165435.55
3265,198558.1
10552,252761.44
11551,210766.94
6955,123976.28
1802,152930.88
3258,170251.8
3929,145583.75
16647,113787.836
15419,139227.14
375,206372.6
9666,437365.1
8920,174831.28
398,237259.02
9583,100618.3
12655,253211.89
9282,187474.17
5057,348265.34
3279,276398.38
7187,113731.92
2428,104614.99
13916,279351.06
6406,196303.55
4224,126003.12
9906,220531.16
11094,145036.16
15896,134178.69
1397,358106.78
16704,433110.84
1816,180376.89
16043,181603.55
10670,209558.16
15967,285027.34
8740,278323.34
4110,142855.9
6402,253774.31
7551,136118.78
510,186806.92
15664,302340.8
4148,177642.62
4023,262163.44
8560,343553.9
3715,207115.8
4902,270515.97
6461,192397.38
8651,138496.12
9172,271100.5
14080,156407.1
594,143128.03
8159,521575.5
12700,222369.56
3932,151788.72
5651,151647.81
12525,172468.66
9621,109773.93
2166,179911.88
11319,195163.62
16032,211889.1
12185,243442.02
13974,160726.98
9683,272349.56
13655,367590.56
5140,109449.84
16325,240409.97
7261,193008.62
3434,233911.17
4444,277882.38
1804,107680.95
3160,142649.36
14609,112276.03
6675,205216.44
13984,403358.47
9372,158618.25
10929,210207.27
16208,310204.4
10133,122855.82
841,175888.1
7885,234575.9
1331,162376.77
7615,212719.44
11503,185670.3
11509,121914.83
5581,113143.54
14579,159425.83
8994,164916.08
10333,139117.7
10948,162793.78
10014,135743.12
4010,354674.38
5393,118438.766
9318,196817.89
5635,69984.72
13478,161500.66
13573,179887.45
6218,141270.23
5916,192731.89
16486,392589.2
5615,185235.89
14483,178924.39
11307,180682.33
11333,174939.2
7762,217205.69
13139,273671.8
14538,182599.16
14761,257215.67
13442,274815.4
835,161170.0
15275,183190.8
13908,140430.8
15237,191173.8
15616,167609.47
12420,181705.47
5165,160132.03
5091,168826.28
14626,177005.67
16485,97197.914
12564,414101.16
11169,190765.14
14017,153435.73
4445,259907.89
7735,155687.94
10654,334732.8
10365,170676.28
105,299828.25
10878,285053.6
14639,272755.97
2756,197928.03
4364,153935.69
16551,202523.02
54,271115.97
10982,312684.38
9314,210748.48
7847,129034.47
8081,292433.38
1585,221934.16
10441,162856.11
16123,298095.5
694,230027.81
3823,279871.28
6967,225716.88
273,215428.81
15406,230436.0
16472,142507.72
4562,149478.67
10267,387637.3
547,215003.83
1166,330201.72
11390,123911.875
8021,137489.53
6179,71999.055
13134,339972.4
1407,182266.14
2691,168771.6
4572,153668.81
15049,172668.84
12669,173350.78
15271,319703.97
4535,262704.4
12720,160153.36
11689,135372.38
11452,83462.1
8905,244970.86
3650,191483.55
4728,307577.16
3316,202024.12
1241,158439.44
111,181286.33
16105,178660.23
3472,171832.61
13409,302244.75
10624,387115.22
2940,313842.22
11371,136748.72
15110,154272.5
13589,359907.84
197,108822.06
8415,258828.66
5403,415509.2
10350,201954.02
13240,378839.03
4485,177971.8
14006,199931.86
11324,189345.77
13713,227691.36
12346,271358.25
5312,111989.33
8968,158395.58
8954,182731.02
2974,170034.5
4600,266989.97
4306,374165.56
12081,226039.4
6909,206239.66
7064,219363.56
8180,260825.84
3969,117671.25
13475,151908.88
3882,468578.6
1024,172555.9
4200,162371.1
14852,176919.69
11570,206493.12
7902,137559.78
997,261584.06
10286,143748.8
5195,216906.0
9476,178617.47
988,224094.27
13581,171728.03
5240,226527.44
10907,215224.78
8878,211384.92
15228,306696.6
10523,190603.86
7927,385657.4
4867,192438.98
6325,99787.98
4625,129476.58
11253,344489.47
9922,166978.78
3725,129203.13
13826,329323.34
10612,187549.72
9196,318259.3
10859,176760.83
16397,175776.23
3509,503495.5
11334,423354.8
2858,243434.61
2924,223417.1
6924,191618.77
8305,196253.16
12598,251579.33
16240,195625.0
16357,126410.5
3645,219802.03
10667,340739.6
8754,338567.94
3423,150454.7
16143,198191.12
13473,329779.34
3540,300943.25
10448,339273.06
8295,206684.94
2610,161559.14
12916,96796.46
7946,265595.3
164,134204.58
12230,164452.66
5006,173225.16
6322,143655.94
4273,393160.72
14770,186219.75
651,163990.95
6816,251716.6
8048,190121.92
8910,218103.34
8984,508294.9
7782,142553.25
7950,320559.34
4215,200395.33
10077,266878.5
195,190306.53
11932,227169.66
8047,149054.11
1489,147655.89
11019,173202.83
8155,244447.7
11444,138806.9
6607,135587.97
15929,194224.45
15721,206776.36
6273,235950.42
3418,282158.44
9311,149916.14
11280,157569.95
6427,171012.16
12249,129994.69
14632,217000.81
13567,146229.27
2604,215789.02
13845,122137.83
12898,156619.88
3640,166974.97
11143,218146.39
6463,179050.9
5604,276921.06
6511,146387.92
6825,326761.62
6754,164294.02
2612,208674.14
281,199542.0
8186,165688.23
13786,166833.2
5040,378534.2
5856,186597.1
7853,166672.17
792,162391.62
8487,245660.97
15017,160249.1
1151,173749.19
6443,211730.69
7938,253999.94
2423,127874.67
6716,148716.78
7169,129698.336
9060,279374.2
7537,155968.8
160,163247.17
6954,156919.48
9501,497664.0
6811,375167.5
6174,123886.02
7134,188277.67
1110,114512.13
11845,95042.58
3536,169639.23
15856,237868.95
14071,149639.69
9316,288480.47
14916,147844.3
15912,275342.22
15115,221732.05
4871,218478.67
2106,206945.72
1685,129577.77
14180,220818.08
15431,131342.66
12365,206764.38
980,178339.36
3847,263879.2
8151,231747.39
190,190961.52
12116,342387.94
11295,364536.6
7989,169535.75
3156,357187.22
2990,151740.16
2262,283891.78
16435,250589.36
2427,189401.2
9438,147386.9
13252,192667.45
208,182644.6
11946,142474.55
4720,150726.25
13250,169095.7
10749,186273.52
12945,230045.2
3586,166249.23
13827,75010.77
13095,161044.72
11491,334238.56
12042,199117.19
9234,158850.52
3270,182131.38
8058,201767.81
15371,337400.56
856,179207.66
4929,138682.08
14199,111527.55
9835,189468.67
4816,297277.03
16422,190205.03
16617,245106.03
6113,241703.34
12320,232741.39
3346,130782.71
9485,240519.97
14335,308628.3
1990,222913.92
9667,220573.55
3637,199409.28
13094,162422.34
13691,101007.586
230,271370.8
6658,144181.86
4375,461700.9
16730,208666.84
11770,150938.9
10823,125541.98
8352,136990.83
15149,205882.88
11124,345396.38
7338,115648.32
15862,278912.34
14101,168188.88
1972,362947.88
12053,144784.1
12513,221412.11
4669,209666.5
3913,201537.14
12529,161343.81
3648,160479.83
4408,152275.7
9167,186476.12
3894,136189.06
8412,189673.42
8451,223039.11
4612,188415.11
15765,165959.22
5787,146817.97
13074,148195.3
10643,174397.64
4019,195494.34
14307,229017.05
12432,191934.67
14013,188795.31
14382,178480.64
15220,142637.4
11958,439455.6
11430,202238.5
9782,171877.55
7603,186103.8
7240,168241.78
5319,130001.73
3598,441900.2
15090,228445.44
8152,128771.74
11797,71704.97
15567,239853.0
3520,184976.77
13945,251073.06
2114,297652.84
3967,234459.39
6765,128261.086
11453,277943.5
13837,177597.12
1257,241382.44
8911,189838.05
2291,378972.75
3691,179698.48
15748,477169.28
13305,361739.3
16283,145248.47
16248,405893.78
11877,205885.66
2444,165964.17
641,199435.84
7344,196015.17
51,229031.4
6187,423727.22
11475,141859.02
13374,239860.6
8498,223344.7
10255,230346.08
12314,234506.81
11525,203438.28
14595,220755.66
11787,133762.52
8321,352544.28
14869,153530.11
10637,262596.66
2184,214299.44
16789,235406.3
10808,216484.03
615,198642.72
6096,172734.61
10966,186576.33
11291,165801.4
1338,154903.95
16217,361862.0
14540,212841.23
15581,165190.45
8689,371292.8
4538,190733.3
6877,144331.27
326,180826.33
2088,77451.66
9136,188904.62
7197,228295.3
12504,188703.53
9236,191576.38
9386,258425.25
6853,170032.73
1006,187476.45
6669,319486.62
7769,392243.28
10623,187103.88
8975,119798.484
998,241946.44
10281,204233.11
15565,145884.47
16072,326906.2
9851,147739.16
8841,104746.22
15206,138299.97
16677,137101.89
1957,189146.53
917,309735.03
16152,232020.69
4651,299729.47
9602,242401.62
1028,279291.12
2267,187409.7
16525,91935.71
4872,243472.92
6246,196955.9
5801,190124.67
3873,185212.42
971,168938.03
11640,131645.73
16531,205182.05
417,152677.38
9932,137650.62
5692,370084.16
11152,282691.7
2725,161330.25
4016,218291.0
3834,340029.6
1681,170908.12
9331,218628.89
14015,188691.22
14548,224606.77
7514,242255.4
11384,196094.53
16230,172570.06
13079,174608.56
7107,156622.0
15180,349907.88
8948,163260.94
1622,157784.38
14671,387261.7
15984,235141.94
8546,151643.73
7581,289314.06
13303,501172.44
16256,401440.47
14544,177599.23
11498,148101.4
6287,164960.56
8578,234935.52
4896,190741.14
15795,149580.27
8267,122447.805
6445,303749.12
1829,143243.45
1907,84077.34
7021,216285.38
7460,319416.3
16611,151588.97
9033,140943.5
3344,171916.77
13751,153329.08
9665,155370.48
14298,128655.66
10375,151169.1
14986,225351.92
6904,204663.0
6456,203533.56
8227,179105.72
3523,286152.56
13842,109141.48
13900,248153.47
6274,122878.24
6011,334722.97
990,172171.14
11589,205632.33
15016,200598.89
13281,200000.23
16301,147327.73
6175,270430.75
9820,117339.3
12024,214725.28
2535,168741.17
14486,398593.84
9973,160557.53
153,249968.03
16215,162912.2
102,159766.7
9888,358253.5
4285,210909.72
4330,145229.52
10156,386196.97
10601,146213.12
11519,460061.8
113,168910.58
11705,129132.77
8167,197572.42
4047,212520.36
2443,158051.72
9232,234446.14
12615,168631.86
11742,200564.72
947,283265.8
15412,80133.37
13365,428594.6
7432,96835.59
52,318842.12
3177,161874.58
16228,433777.22
9416,192018.52
4429,152578.28
6330,296446.3
6866,210902.52
13494,225287.03
7819,210577.52
5873,146765.31
4963,223230.22
11573,125823.73
10150,254696.36
14793,146051.33
12873,151369.36
15243,273733.38
4821,226196.55
11709,311791.97
9596,169106.56
8197,139728.86
9519,198253.08
5796,168847.77
2812,444855.38
10616,207964.08
3382,155071.98
11890,209924.5
13069,185980.92
10158,208476.64
8252,221331.36
8834,131634.33
14676,149021.67
13060,215605.72
10379,164592.27
16138,371328.8
3912,158502.52
5722,209302.6
11004,210267.31
